organization_id,id,name,email,role,active,notes,group,api_subscription,employee_id,promotion_code,tags,org_name
10838810308,367385296334,Amanda Parker,agamblin+2@example.com,agent,True,,Product Support - CE,plan_gold,,quisquamnecessitatibusautem,[],MVP Sports
10838980228,367385296334,Amanda Parker,agamblin+2@example.com,agent,True,,Product Support - CE,plan_gold,,quisquamnecessitatibusautem,[],Seth Means Org
10838798148,368149275374,Amanda Jones,agamblin+jones@example.com,agent,True,,Product Support - CE,plan_bronze,,cumqueiustoomnis,[],Eisner Food Stores
1803986017,368149275374,Amanda Jones,agamblin+jones@example.com,agent,True,,Product Support - CE,plan_bronze,,cumqueiustoomnis,[],40 Proof
2371912888,365198160868,Alice,alice@example.com,end-user,True,,,plan_gold,,nihilcommodiaccusantium,[],The New Org
10838835388,365198237628,Alice,alice@example.com,end-user,True,,,plan_silver,,ipsumasperioresfugiat,[],Monk Home Funding Services
10838808228,365198237628,Alice,alice@example.com,end-user,True,,,plan_silver,,ipsumasperioresfugiat,[],Wealthy Ideas
360039599413,365198237628,Alice,alice@example.com,end-user,True,,,plan_silver,,ipsumasperioresfugiat,[],Speedy org
10778650407,364405301208,Anyemailhere,anyemailhere@example.com,end-user,True,,,plan_bronze,,laborearchitectosunt,[],Circuit City
3535325388,364405301208,Anyemailhere,anyemailhere@example.com,end-user,True,,,plan_bronze,,laborearchitectosunt,[],1077207-Moneygram International
10838795988,363065237467,Austin Example,austin@example.com,end-user,True,,,plan_bronze,,impeditillumlaudantium,[],Food Giant
15976972688,363065237467,Austin Example,austin@example.com,end-user,True,,,plan_bronze,,impeditillumlaudantium,[],Education 360
2208998938,363065237467,Austin Example,austin@example.com,end-user,True,,,plan_bronze,,impeditillumlaudantium,[],sForce
1718055597,368335203253,Amanda Yu - CE,ayu@example.com,admin,True,,Product Support - CE,plan_gold,,suntaliquidcum,[],z3n Rye
10838812648,368335203253,Amanda Yu - CE,ayu@example.com,admin,True,,Product Support - CE,plan_gold,,suntaliquidcum,[],Helios Air
10778642167,368335203253,Amanda Yu - CE,ayu@example.com,admin,True,,Product Support - CE,plan_gold,,suntaliquidcum,[],Monk House Sales
10787647727,361726563747,Bob Smith,bsmith@example.com,end-user,True,,,plan_silver,,dolorumnesciuntcumque,[],Joe SR Private Org
2208998888,362018813028,Visitor 11789822,bsmith@example.com,end-user,True,,,plan_bronze,,distinctioquaeeum,[],Dickenson plc
10787647727,361087533008,Cookie Monster,coooooookkkkkkiiiiiie@example.com,end-user,True,,,plan_gold,,reiciendisidveritatis,[],Joe SR Private Org
10516372027,361087533008,Cookie Monster,coooooookkkkkkiiiiiie@example.com,end-user,True,,,plan_gold,,reiciendisidveritatis,[],Mr Fireworks
10778642107,361087533008,Cookie Monster,coooooookkkkkkiiiiiie@example.com,end-user,True,,,plan_gold,,reiciendisidveritatis,[],Knox Lumber
10838816968,364530065227,Danica Beaniza - CE,dbeaniza@example.com,admin,True,,Product Support - CE,plan_bronze,,reiciendismollitiamaiores,[],Avant Garde Appraisal
15976972648,364530065227,Danica Beaniza - CE,dbeaniza@example.com,admin,True,,Product Support - CE,plan_bronze,,reiciendismollitiamaiores,[],1-Stop Connections
15976972608,363897240227,Della Kartessan - CE,dellakartessan@example.com,end-user,True,Aza's 'End User',,plan_silver,1234567.0,autemeosillum,['plan_gold'],"1,000 Bulbs"
10838812448,363897240227,Della Kartessan - CE,dellakartessan@example.com,end-user,True,Aza's 'End User',,plan_silver,1234567.0,autemeosillum,['plan_gold'],The Pink Pig Tavern
2208998898,363897240227,Della Kartessan - CE,dellakartessan@example.com,end-user,True,Aza's 'End User',,plan_silver,1234567.0,autemeosillum,['plan_gold'],Grand Hotels & Resorts Ltd
10838812448,368371915854,Dinky Skalet - CE,dinkythefrenchbulldog@example.com,end-user,True,,,plan_silver,,mollitiasedvelit,[],The Pink Pig Tavern
10778615207,368371915854,Dinky Skalet - CE,dinkythefrenchbulldog@example.com,end-user,True,,,plan_silver,,mollitiasedvelit,[],Waccamaw Pottery
10838810388,368371915854,Dinky Skalet - CE,dinkythefrenchbulldog@example.com,end-user,True,,,plan_silver,,mollitiasedvelit,[],Sew-Fro Fabrics
10778635907,365799174693,Ferdi Joannis,fjoannis@example.com,admin,True,,Product Support - CE,plan_gold,,doloreliberoinventore,[],National Hardgoods Distributors
2208998838,365799174693,Ferdi Joannis,fjoannis@example.com,admin,True,,Product Support - CE,plan_gold,,doloreliberoinventore,[],"United Oil & Gas, UK"
10778654527,365799174693,Ferdi Joannis,fjoannis@example.com,admin,True,,Product Support - CE,plan_gold,,doloreliberoinventore,[],Gold Medal
10838812528,366759135634,Frank Murray,frankm3210@example.com,end-user,True,,,plan_silver,,reiciendislaboreperspiciatis,[],Food Mart
15976972648,366759135634,Frank Murray,frankm3210@example.com,end-user,True,,,plan_silver,,reiciendislaboreperspiciatis,[],1-Stop Connections
10838833248,18163710208,Fred Flora - CE,fredflora@example.com,end-user,True,,,plan_gold,,expeditasimiliqueneque,"['plan_gold', 'no_csat']",Hamady Bros. Supermarkets
10778642047,18163710208,Fred Flora - CE,fredflora@example.com,end-user,True,,,plan_gold,,expeditasimiliqueneque,"['plan_gold', 'no_csat']",Kleinhans
10838806168,18163710208,Fred Flora - CE,fredflora@example.com,end-user,True,,,plan_gold,,expeditasimiliqueneque,"['plan_gold', 'no_csat']",Spaceage Stereo
10778623727,364958213073,George,george@example.com,end-user,True,,,plan_silver,,totamrecusandaemagnam,[],Merrymaking2
10778652467,365202952148,George Miller,george@example.com,end-user,True,,,plan_bronze,,quisvoluptatesrecusandae,[],Pro-Care Garden Maintenance
10838810388,370117946474,George,george@example.com,agent,True,,Product Support - CE,plan_bronze,,numquamaterror,[],Sew-Fro Fabrics
10838816968,28270872488,George,gg@example.com,end-user,True,,,plan_bronze,,ipsamabexplicabo,[],Avant Garde Appraisal
10778619687,28270872488,George,gg@example.com,end-user,True,,,plan_bronze,,ipsamabexplicabo,[],Singer Lumber
10789922867,28270872488,George,gg@example.com,end-user,True,,,plan_bronze,,ipsamabexplicabo,[],VIP Customers
2371912888,361551068128,Henry Block,henry.block@example.com,end-user,True,,,plan_silver,,totamminimaautem,['plan_gold'],The New Org
2208998938,361551068128,Henry Block,henry.block@example.com,end-user,True,,,plan_silver,,totamminimaautem,['plan_gold'],sForce
10778648407,361551068128,Henry Block,henry.block@example.com,end-user,True,,,plan_silver,,totamminimaautem,['plan_gold'],Avant Garde Interior Designs
10778650407,364798686927,Ivan,ipreti@example.com,end-user,True,,,plan_silver,,aspernaturexercitationemipsam,[],Circuit City
20287205127,364798686927,Ivan,ipreti@example.com,end-user,True,,,plan_silver,,aspernaturexercitationemipsam,[],Beecher Supply
15976972648,363067053667,Jim Carrey,j@example.com,end-user,True,,,plan_bronze,,optiovelitalias,[],1-Stop Connections
2208998928,365464026934,Juan Smith,j@example.com,end-user,True,,,plan_gold,,omnisnihilea,[],United Oil & Gas Corp.
10778635907,360898110347,Jane Smith,jane@example.com,end-user,True,,,plan_silver,,ullampossimuserror,[],National Hardgoods Distributors
10838812488,360898110347,Jane Smith,jane@example.com,end-user,True,,,plan_silver,,ullampossimuserror,[],Laura Ashley
10838839568,364964840094,Jane,jane@example.com,end-user,True,,,plan_gold,,cupiditatequasiunde,[],Clemens Markets
10838793928,28613783407,Visitor 86361647,jcruise@example.com,end-user,True,,,plan_bronze,,modiquaeratiusto,[],Incluesiv
10778611187,363584568008,John Cruz,jcruise@example.com,end-user,True,,,plan_gold,,eiussolutaquidem,['plan_gold'],Suncoast Video
10838795988,365885401633,Visitor 62157506,jcruise@example.com,end-user,True,,,plan_bronze,,sedminimaab,[],Food Giant
10838821028,365112045754,Joana Ferreira - CE,jferreira@example.com,admin,True,,Product Support - CE,plan_silver,,quistotameaque,[],Odyssey Records & Tapes
1803986017,365112045754,Joana Ferreira - CE,jferreira@example.com,admin,True,,Product Support - CE,plan_silver,,quistotameaque,[],40 Proof
10838812608,27562100148,John Smith,john@example.com,end-user,True,,,plan_gold,,quaedoloreenim,[],Express Merchant Service
2208998918,27599923708,John Smith,john@example.com,end-user,True,,,plan_silver,,quaeillosaepe,[],University of Arizona
10838837488,365226352533,John Example,john@example.com,agent,True,,Product Support - CE,plan_silver,,minusatenetur,[],Dun Rite Lawn Care
10838795988,364773976133,Jackie,jready@example.com,end-user,True,,,plan_bronze,,natusvelnemo,[],Food Giant
10838835388,364773976133,Jackie,jready@example.com,end-user,True,,,plan_bronze,,natusvelnemo,[],Monk Home Funding Services
1718055597,364892011948,Juan Cruz,juan@example.com,end-user,True,,,plan_silver,,voluptateseiusasperiores,[],z3n Rye
10778619547,364892011948,Juan Cruz,juan@example.com,end-user,True,,,plan_silver,,voluptateseiusasperiores,[],Sistemos
360041750613,364892011948,Juan Cruz,juan@example.com,end-user,True,,,plan_silver,,voluptateseiusasperiores,[],123456789
10838833168,11321745068,Lisa Roth - CE,lrothrauff@example.com,admin,True,,Product Support - CE,plan_gold,,illoomnisnisi,[],Gamma Grays
10789859667,11321745068,Lisa Roth - CE,lrothrauff@example.com,admin,True,,Product Support - CE,plan_gold,,illoomnisnisi,[],Test 815510052462391
10838816928,360982403148,Liz Roth,lrothrauff@example.com,end-user,True,,,plan_silver,,laudantiumvoluptatumvero,[],Turtle's Records & Tapes
10778642187,366560684594,Matteoberin,matteoberin@example.com,end-user,True,,,plan_bronze,,velitsimiliqueenim,[],Country Club Markets2
10838839568,366560684594,Matteoberin,matteoberin@example.com,end-user,True,,,plan_bronze,,velitsimiliqueenim,[],Clemens Markets
10838806168,366560684594,Matteoberin,matteoberin@example.com,end-user,True,,,plan_bronze,,velitsimiliqueenim,[],Spaceage Stereo
10838833168,361456033808,George,meganrbrowning@example.com,end-user,True,,,plan_bronze,,teneturmodidolore,[],Gamma Grays
2371912888,361456033808,George,meganrbrowning@example.com,end-user,True,,,plan_bronze,,teneturmodidolore,[],The New Org
10778635907,365169898654,Sally,sally@example.com,end-user,True,,,plan_gold,,eiusquamfuga,[],National Hardgoods Distributors
15976972668,365169898654,Sally,sally@example.com,end-user,True,,,plan_gold,,eiusquamfuga,[],2U
10838808228,365169898654,Sally,sally@example.com,end-user,True,,,plan_gold,,eiusquamfuga,[],Wealthy Ideas
10838810308,365259594088,Sara Gholampour,saragholampour@example.com,agent,True,,Product Support - CE,plan_silver,,sintmodiexplicabo,[],MVP Sports
10778619527,365259594088,Sara Gholampour,saragholampour@example.com,agent,True,,Product Support - CE,plan_silver,,sintmodiexplicabo,[],Farrell's Ice Cream Parlour
10838835488,365259594088,Sara Gholampour,saragholampour@example.com,agent,True,,Product Support - CE,plan_silver,,sintmodiexplicabo,[],Mr. Steak
360039599413,368410477574,Dwight Schrute - CE,schrutedwight99@example.com,end-user,True,,,plan_gold,,expeditaremnon,[],Speedy org
2208998928,368410477574,Dwight Schrute - CE,schrutedwight99@example.com,end-user,True,,,plan_gold,,expeditaremnon,[],United Oil & Gas Corp.
10778640027,368410477574,Dwight Schrute - CE,schrutedwight99@example.com,end-user,True,,,plan_gold,,expeditaremnon,[],Romp
10838814868,365000650947,Kelly Star,star@example.com,end-user,True,,,plan_silver,,sequirecusandaealiquid,[],Hudson's MensWear
15976972828,365000650947,Kelly Star,star@example.com,end-user,True,,,plan_silver,,sequirecusandaealiquid,[],abbeal
10778642187,365000650947,Kelly Star,star@example.com,end-user,True,,,plan_silver,,sequirecusandaealiquid,[],Country Club Markets2
10838839528,361119201707,Tom Cruise,test@example.com,end-user,True,,,plan_silver,,quisquamdolorempraesentium,[],Matrix Architectural Service
20287205107,361119201707,Tom Cruise,test@example.com,end-user,True,,,plan_silver,,quisquamdolorempraesentium,[],International Widgets
15622168627,361119201707,Tom Cruise,test@example.com,end-user,True,,,plan_silver,,quisquamdolorempraesentium,[],This name is not unique
10838823068,365593674528,Wallace Wears,wallacew2003@example.com,agent,True,,Product Support - CE,plan_bronze,,rerumnisiratione,[],Ole's
10789859667,365593674528,Wallace Wears,wallacew2003@example.com,agent,True,,Product Support - CE,plan_bronze,,rerumnisiratione,[],Test 815510052462391
